{
    "loss": 2.9447572231292725,
    "accuracy": 0.6034482717514038
}